Name,Slug,Collection ID,Locale ID,Item ID,Archived,Draft,Created On,Updated On,Published On,Tag Page Summary,Meta Title,Meta Description
Course,course,67f116fcd84631b492031a93,6669acc77ba72bcf56a022dd,67f4c3ec28fbdd013438666b,false,false,Tue Apr 08 2025 06:36:28 GMT+0000 (Coordinated Universal Time),Tue Feb 17 2026 14:22:35 GMT+0000 (Coordinated Universal Time),Tue Feb 17 2026 15:08:22 GMT+0000 (Coordinated Universal Time),"Comment notification emails, also known as automated comment triggers, are specific for sites and apps that allow commenting. Their purpose is to bring individuals back to the platform where comments and conversations are happening so that the recipient can reply and, ultimately, become more engaged and loyal.",,
Nudge to Book Demo,demo-invite,67f116fcd84631b492031a93,6669acc77ba72bcf56a022dd,67f4c3ec48fd396648a1343c,false,false,Tue Apr 08 2025 06:36:28 GMT+0000 (Coordinated Universal Time),Tue Feb 17 2026 14:22:35 GMT+0000 (Coordinated Universal Time),Tue Feb 17 2026 15:08:22 GMT+0000 (Coordinated Universal Time),"Comment notification emails, also known as automated comment triggers, are specific for sites and apps that allow commenting. Their purpose is to bring individuals back to the platform where comments and conversations are happening so that the recipient can reply and, ultimately, become more engaged and loyal.",,
Article,article,67f116fcd84631b492031a93,6669acc77ba72bcf56a022dd,67f4c3ecab63319818e15d29,false,false,Tue Apr 08 2025 06:36:28 GMT+0000 (Coordinated Universal Time),Tue Feb 17 2026 14:22:35 GMT+0000 (Coordinated Universal Time),Tue Feb 17 2026 15:08:22 GMT+0000 (Coordinated Universal Time),"Comment notification emails, also known as automated comment triggers, are specific for sites and apps that allow commenting. Their purpose is to bring individuals back to the platform where comments and conversations are happening so that the recipient can reply and, ultimately, become more engaged and loyal.",,
Content Engagement,content-engagement,67f116fcd84631b492031a93,6669acc77ba72bcf56a022dd,67f4c3ecd2dd0d8c278e5b5e,false,false,Tue Apr 08 2025 06:36:28 GMT+0000 (Coordinated Universal Time),Tue Feb 17 2026 14:22:35 GMT+0000 (Coordinated Universal Time),Tue Feb 17 2026 15:08:22 GMT+0000 (Coordinated Universal Time),"Comment notification emails, also known as automated comment triggers, are specific for sites and apps that allow commenting. Their purpose is to bring individuals back to the platform where comments and conversations are happening so that the recipient can reply and, ultimately, become more engaged and loyal.",,
Activity Update,activity-update,67f116fcd84631b492031a93,6669acc77ba72bcf56a022dd,67f4c3ecd4557f4a63a3c1e3,false,false,Tue Apr 08 2025 06:36:28 GMT+0000 (Coordinated Universal Time),Tue Feb 17 2026 14:22:35 GMT+0000 (Coordinated Universal Time),Tue Feb 17 2026 15:08:22 GMT+0000 (Coordinated Universal Time),"Comment notification emails, also known as automated comment triggers, are specific for sites and apps that allow commenting. Their purpose is to bring individuals back to the platform where comments and conversations are happening so that the recipient can reply and, ultimately, become more engaged and loyal.",,
Milestone Reached,milestone-reached,67f116fcd84631b492031a93,6669acc77ba72bcf56a022dd,67f4c3ed42fd0358383499bb,false,false,Tue Apr 08 2025 06:36:29 GMT+0000 (Coordinated Universal Time),Tue Feb 17 2026 14:22:35 GMT+0000 (Coordinated Universal Time),Tue Feb 17 2026 15:08:22 GMT+0000 (Coordinated Universal Time),"Comment notification emails, also known as automated comment triggers, are specific for sites and apps that allow commenting. Their purpose is to bring individuals back to the platform where comments and conversations are happening so that the recipient can reply and, ultimately, become more engaged and loyal.",,
NPS Survey,nps-survey,67f116fcd84631b492031a93,6669acc77ba72bcf56a022dd,67f4c3ed4bdb4ee637760f4f,false,false,Tue Apr 08 2025 06:36:29 GMT+0000 (Coordinated Universal Time),Tue Feb 17 2026 14:22:35 GMT+0000 (Coordinated Universal Time),Tue Feb 17 2026 15:08:22 GMT+0000 (Coordinated Universal Time),"Comment notification emails, also known as automated comment triggers, are specific for sites and apps that allow commenting. Their purpose is to bring individuals back to the platform where comments and conversations are happening so that the recipient can reply and, ultimately, become more engaged and loyal.",,
Feature Usage Nudge,feature-usage-nudge,67f116fcd84631b492031a93,6669acc77ba72bcf56a022dd,67f4c3ed4cfdc916cc538b3e,false,false,Tue Apr 08 2025 06:36:29 GMT+0000 (Coordinated Universal Time),Tue Feb 17 2026 14:40:55 GMT+0000 (Coordinated Universal Time),Tue Feb 17 2026 15:08:22 GMT+0000 (Coordinated Universal Time),"Comment notification emails, also known as automated comment triggers, are specific for sites and apps that allow commenting. Their purpose is to bring individuals back to the platform where comments and conversations are happening so that the recipient can reply and, ultimately, become more engaged and loyal.",,
Nudge to Invite Team,nudge-to-invite-team,67f116fcd84631b492031a93,6669acc77ba72bcf56a022dd,67f4c3ed96c35ab37afbc798,false,false,Tue Apr 08 2025 06:36:29 GMT+0000 (Coordinated Universal Time),Tue Feb 17 2026 14:22:35 GMT+0000 (Coordinated Universal Time),Tue Feb 17 2026 15:08:22 GMT+0000 (Coordinated Universal Time),"Comment notification emails, also known as automated comment triggers, are specific for sites and apps that allow commenting. Their purpose is to bring individuals back to the platform where comments and conversations are happening so that the recipient can reply and, ultimately, become more engaged and loyal.",,
Login From New Device,login-from-new-device,67f116fcd84631b492031a93,6669acc77ba72bcf56a022dd,67f4c3eda3dde2e1b7c02e61,false,false,Tue Apr 08 2025 06:36:29 GMT+0000 (Coordinated Universal Time),Tue Feb 17 2026 14:22:35 GMT+0000 (Coordinated Universal Time),Tue Feb 17 2026 15:08:22 GMT+0000 (Coordinated Universal Time),"Comment notification emails, also known as automated comment triggers, are specific for sites and apps that allow commenting. Their purpose is to bring individuals back to the platform where comments and conversations are happening so that the recipient can reply and, ultimately, become more engaged and loyal.",,
Downgrade Receipt,downgrade-receipt,67f116fcd84631b492031a93,6669acc77ba72bcf56a022dd,67f4c3edb90f149bbd63cf1b,false,false,Tue Apr 08 2025 06:36:29 GMT+0000 (Coordinated Universal Time),Tue Feb 17 2026 14:22:35 GMT+0000 (Coordinated Universal Time),Tue Feb 17 2026 15:08:22 GMT+0000 (Coordinated Universal Time),"Comment notification emails, also known as automated comment triggers, are specific for sites and apps that allow commenting. Their purpose is to bring individuals back to the platform where comments and conversations are happening so that the recipient can reply and, ultimately, become more engaged and loyal.",,
Download Mobile App,download-mobile-app,67f116fcd84631b492031a93,6669acc77ba72bcf56a022dd,67f4c3edbb3421f7f3236c73,false,false,Tue Apr 08 2025 06:36:29 GMT+0000 (Coordinated Universal Time),Tue Feb 17 2026 14:22:35 GMT+0000 (Coordinated Universal Time),Tue Feb 17 2026 15:08:22 GMT+0000 (Coordinated Universal Time),"Comment notification emails, also known as automated comment triggers, are specific for sites and apps that allow commenting. Their purpose is to bring individuals back to the platform where comments and conversations are happening so that the recipient can reply and, ultimately, become more engaged and loyal.",,
Newsletter,newsletter,67f116fcd84631b492031a93,6669acc77ba72bcf56a022dd,67f4c3edbf7ae7926f02c0ef,false,false,Tue Apr 08 2025 06:36:29 GMT+0000 (Coordinated Universal Time),Tue Feb 17 2026 14:22:35 GMT+0000 (Coordinated Universal Time),Tue Feb 17 2026 15:08:22 GMT+0000 (Coordinated Universal Time),"Comment notification emails, also known as automated comment triggers, are specific for sites and apps that allow commenting. Their purpose is to bring individuals back to the platform where comments and conversations are happening so that the recipient can reply and, ultimately, become more engaged and loyal.",,
Promotional Article,promotional-article,67f116fcd84631b492031a93,6669acc77ba72bcf56a022dd,67f4c3ee0f9f24b522917a32,false,false,Tue Apr 08 2025 06:36:30 GMT+0000 (Coordinated Universal Time),Tue Feb 17 2026 14:22:35 GMT+0000 (Coordinated Universal Time),Tue Feb 17 2026 15:08:22 GMT+0000 (Coordinated Universal Time),"Comment notification emails, also known as automated comment triggers, are specific for sites and apps that allow commenting. Their purpose is to bring individuals back to the platform where comments and conversations are happening so that the recipient can reply and, ultimately, become more engaged and loyal.",,
Report,report,67f116fcd84631b492031a93,6669acc77ba72bcf56a022dd,67f4c3ee42fd035838349a5c,false,false,Tue Apr 08 2025 06:36:30 GMT+0000 (Coordinated Universal Time),Tue Feb 17 2026 14:22:36 GMT+0000 (Coordinated Universal Time),Tue Feb 17 2026 15:08:22 GMT+0000 (Coordinated Universal Time),"Comment notification emails, also known as automated comment triggers, are specific for sites and apps that allow commenting. Their purpose is to bring individuals back to the platform where comments and conversations are happening so that the recipient can reply and, ultimately, become more engaged and loyal.",,
Product Update,product-update,67f116fcd84631b492031a93,6669acc77ba72bcf56a022dd,67f4c3ee4bdb4ee637761106,false,false,Tue Apr 08 2025 06:36:30 GMT+0000 (Coordinated Universal Time),Tue Feb 17 2026 14:22:35 GMT+0000 (Coordinated Universal Time),Tue Feb 17 2026 15:08:22 GMT+0000 (Coordinated Universal Time),"Comment notification emails, also known as automated comment triggers, are specific for sites and apps that allow commenting. Their purpose is to bring individuals back to the platform where comments and conversations are happening so that the recipient can reply and, ultimately, become more engaged and loyal.",,
Payment Receipt,payment-receipt,67f116fcd84631b492031a93,6669acc77ba72bcf56a022dd,67f4c3ee740e61c578ef4310,false,false,Tue Apr 08 2025 06:36:30 GMT+0000 (Coordinated Universal Time),Tue Feb 17 2026 14:22:35 GMT+0000 (Coordinated Universal Time),Tue Feb 17 2026 15:08:22 GMT+0000 (Coordinated Universal Time),"Comment notification emails, also known as automated comment triggers, are specific for sites and apps that allow commenting. Their purpose is to bring individuals back to the platform where comments and conversations are happening so that the recipient can reply and, ultimately, become more engaged and loyal.",,
Re-Engage Downgraded Users,re-engage-downgraded-users,67f116fcd84631b492031a93,6669acc77ba72bcf56a022dd,67f4c3ee740e61c578ef4370,false,false,Tue Apr 08 2025 06:36:30 GMT+0000 (Coordinated Universal Time),Tue Feb 17 2026 14:22:35 GMT+0000 (Coordinated Universal Time),Tue Feb 17 2026 15:08:22 GMT+0000 (Coordinated Universal Time),"Comment notification emails, also known as automated comment triggers, are specific for sites and apps that allow commenting. Their purpose is to bring individuals back to the platform where comments and conversations are happening so that the recipient can reply and, ultimately, become more engaged and loyal.",,
Onboarding Progress Nudge,onboarding-progress-nudge,67f116fcd84631b492031a93,6669acc77ba72bcf56a022dd,67f4c3ee8f56a7606b5fc812,false,false,Tue Apr 08 2025 06:36:30 GMT+0000 (Coordinated Universal Time),Tue Feb 17 2026 14:22:35 GMT+0000 (Coordinated Universal Time),Tue Feb 17 2026 15:08:22 GMT+0000 (Coordinated Universal Time),"Comment notification emails, also known as automated comment triggers, are specific for sites and apps that allow commenting. Their purpose is to bring individuals back to the platform where comments and conversations are happening so that the recipient can reply and, ultimately, become more engaged and loyal.",,
Onboarding Call Summary,onboarding-call-summary,67f116fcd84631b492031a93,6669acc77ba72bcf56a022dd,67f4c3ee9295abe5c2572b4b,false,false,Tue Apr 08 2025 06:36:30 GMT+0000 (Coordinated Universal Time),Tue Feb 17 2026 14:22:35 GMT+0000 (Coordinated Universal Time),Tue Feb 17 2026 15:08:22 GMT+0000 (Coordinated Universal Time),"Comment notification emails, also known as automated comment triggers, are specific for sites and apps that allow commenting. Their purpose is to bring individuals back to the platform where comments and conversations are happening so that the recipient can reply and, ultimately, become more engaged and loyal.",,
Re-Engage Cancelled Users,re-engage-cancelled-users,67f116fcd84631b492031a93,6669acc77ba72bcf56a022dd,67f4c3eebb513dfbf28f8219,false,false,Tue Apr 08 2025 06:36:30 GMT+0000 (Coordinated Universal Time),Tue Feb 17 2026 14:22:36 GMT+0000 (Coordinated Universal Time),Tue Feb 17 2026 15:08:22 GMT+0000 (Coordinated Universal Time),"Comment notification emails, also known as automated comment triggers, are specific for sites and apps that allow commenting. Their purpose is to bring individuals back to the platform where comments and conversations are happening so that the recipient can reply and, ultimately, become more engaged and loyal.",,
Terms of Use Update,terms-of-use-update,67f116fcd84631b492031a93,6669acc77ba72bcf56a022dd,67f4c3eecba8aeb6e5338f92,false,false,Tue Apr 08 2025 06:36:30 GMT+0000 (Coordinated Universal Time),Tue Feb 17 2026 14:22:36 GMT+0000 (Coordinated Universal Time),Tue Feb 17 2026 15:08:22 GMT+0000 (Coordinated Universal Time),"Comment notification emails, also known as automated comment triggers, are specific for sites and apps that allow commenting. Their purpose is to bring individuals back to the platform where comments and conversations are happening so that the recipient can reply and, ultimately, become more engaged and loyal.",,
Onboarding Call Invite,onboarding-call-invite,67f116fcd84631b492031a93,6669acc77ba72bcf56a022dd,67f4c3eedd047219ab105a85,false,false,Tue Apr 08 2025 06:36:30 GMT+0000 (Coordinated Universal Time),Tue Feb 17 2026 14:22:35 GMT+0000 (Coordinated Universal Time),Tue Feb 17 2026 15:08:22 GMT+0000 (Coordinated Universal Time),"Comment notification emails, also known as automated comment triggers, are specific for sites and apps that allow commenting. Their purpose is to bring individuals back to the platform where comments and conversations are happening so that the recipient can reply and, ultimately, become more engaged and loyal.",,
Upgrade to Annual,upgrade-to-annual,67f116fcd84631b492031a93,6669acc77ba72bcf56a022dd,67f4c3ef06e33e0031cf4584,false,false,Tue Apr 08 2025 06:36:31 GMT+0000 (Coordinated Universal Time),Tue Feb 17 2026 14:22:35 GMT+0000 (Coordinated Universal Time),Tue Feb 17 2026 15:08:22 GMT+0000 (Coordinated Universal Time),"Comment notification emails, also known as automated comment triggers, are specific for sites and apps that allow commenting. Their purpose is to bring individuals back to the platform where comments and conversations are happening so that the recipient can reply and, ultimately, become more engaged and loyal.",,
Video,video,67f116fcd84631b492031a93,6669acc77ba72bcf56a022dd,67f4c3efb67439c6ac0284f4,false,false,Tue Apr 08 2025 06:36:31 GMT+0000 (Coordinated Universal Time),Tue Feb 17 2026 14:22:36 GMT+0000 (Coordinated Universal Time),Tue Feb 17 2026 15:08:22 GMT+0000 (Coordinated Universal Time),"Comment notification emails, also known as automated comment triggers, are specific for sites and apps that allow commenting. Their purpose is to bring individuals back to the platform where comments and conversations are happening so that the recipient can reply and, ultimately, become more engaged and loyal.",,
Thank You - Download,thank-you--download,67f116fcd84631b492031a93,6669acc77ba72bcf56a022dd,67f4c3efcaea11f500961a77,false,false,Tue Apr 08 2025 06:36:31 GMT+0000 (Coordinated Universal Time),Tue Feb 17 2026 14:22:35 GMT+0000 (Coordinated Universal Time),Tue Feb 17 2026 15:08:22 GMT+0000 (Coordinated Universal Time),"Comment notification emails, also known as automated comment triggers, are specific for sites and apps that allow commenting. Their purpose is to bring individuals back to the platform where comments and conversations are happening so that the recipient can reply and, ultimately, become more engaged and loyal.",,
Trial Expiration Warning,trial-expiration-warning,67f116fcd84631b492031a93,6669acc77ba72bcf56a022dd,67f4c3efdfe6d53721131d43,false,false,Tue Apr 08 2025 06:36:31 GMT+0000 (Coordinated Universal Time),Tue Feb 17 2026 14:22:36 GMT+0000 (Coordinated Universal Time),Tue Feb 17 2026 15:08:22 GMT+0000 (Coordinated Universal Time),"Comment notification emails, also known as automated comment triggers, are specific for sites and apps that allow commenting. Their purpose is to bring individuals back to the platform where comments and conversations are happening so that the recipient can reply and, ultimately, become more engaged and loyal.",,
Trial Extension Offer,trial-extension-offer,67f116fcd84631b492031a93,6669acc77ba72bcf56a022dd,67f4c3efe953fae9dfdaf9c0,false,false,Tue Apr 08 2025 06:36:31 GMT+0000 (Coordinated Universal Time),Tue Feb 17 2026 14:22:35 GMT+0000 (Coordinated Universal Time),Tue Feb 17 2026 15:08:22 GMT+0000 (Coordinated Universal Time),"Comment notification emails, also known as automated comment triggers, are specific for sites and apps that allow commenting. Their purpose is to bring individuals back to the platform where comments and conversations are happening so that the recipient can reply and, ultimately, become more engaged and loyal.",,
Welcome - Paid Users,welcome-paid-users,67f116fcd84631b492031a93,6669acc77ba72bcf56a022dd,67f4c3f0010ef510ea3e3c37,false,false,Tue Apr 08 2025 06:36:32 GMT+0000 (Coordinated Universal Time),Tue Feb 17 2026 14:22:36 GMT+0000 (Coordinated Universal Time),Tue Feb 17 2026 15:08:22 GMT+0000 (Coordinated Universal Time),"Comment notification emails, also known as automated comment triggers, are specific for sites and apps that allow commenting. Their purpose is to bring individuals back to the platform where comments and conversations are happening so that the recipient can reply and, ultimately, become more engaged and loyal.",,
Welcome - Free Users,welcome-free-users,67f116fcd84631b492031a93,6669acc77ba72bcf56a022dd,67f4c3f00f9f24b522917b28,false,false,Tue Apr 08 2025 06:36:32 GMT+0000 (Coordinated Universal Time),Tue Feb 17 2026 14:22:36 GMT+0000 (Coordinated Universal Time),Tue Feb 17 2026 15:08:22 GMT+0000 (Coordinated Universal Time),"Comment notification emails, also known as automated comment triggers, are specific for sites and apps that allow commenting. Their purpose is to bring individuals back to the platform where comments and conversations are happening so that the recipient can reply and, ultimately, become more engaged and loyal.",,
Webinar Recording,webinar-recording,67f116fcd84631b492031a93,6669acc77ba72bcf56a022dd,67f4c3f0714e83d4fee56064,false,false,Tue Apr 08 2025 06:36:32 GMT+0000 (Coordinated Universal Time),Tue Feb 17 2026 14:22:35 GMT+0000 (Coordinated Universal Time),Tue Feb 17 2026 15:08:22 GMT+0000 (Coordinated Universal Time),"Comment notification emails, also known as automated comment triggers, are specific for sites and apps that allow commenting. Their purpose is to bring individuals back to the platform where comments and conversations are happening so that the recipient can reply and, ultimately, become more engaged and loyal.",,
Webinar Invitation,webinar-invitation,67f116fcd84631b492031a93,6669acc77ba72bcf56a022dd,67f4c3f328fbdd013438826a,false,false,Tue Apr 08 2025 06:36:35 GMT+0000 (Coordinated Universal Time),Tue Feb 17 2026 14:22:36 GMT+0000 (Coordinated Universal Time),Tue Feb 17 2026 15:08:22 GMT+0000 (Coordinated Universal Time),"The Comment notification emails, also known as automated comment triggers, are specific for sites and apps that allow commenting. Their purpose is to bring individuals back to the platform where comments and conversations are happening so that the recipient can reply and, ultimately, become more engaged and loyal.",,
Integration Prompt,integration-prompt,67f116fcd84631b492031a93,6669acc77ba72bcf56a022dd,67ffc1d06b7f65c389651f2c,false,false,Wed Apr 16 2025 14:42:24 GMT+0000 (Coordinated Universal Time),Tue Feb 17 2026 14:22:35 GMT+0000 (Coordinated Universal Time),Tue Feb 17 2026 15:08:22 GMT+0000 (Coordinated Universal Time),,,
Survey,survey,67f116fcd84631b492031a93,6669acc77ba72bcf56a022dd,67ffe363175c6e505944459e,false,false,Wed Apr 16 2025 17:05:39 GMT+0000 (Coordinated Universal Time),Tue Feb 17 2026 14:22:36 GMT+0000 (Coordinated Universal Time),Tue Feb 17 2026 15:08:22 GMT+0000 (Coordinated Universal Time),,,
Product Education,product-education,67f116fcd84631b492031a93,6669acc77ba72bcf56a022dd,67ffe52e03b684ddbc281168,false,false,Wed Apr 16 2025 17:13:18 GMT+0000 (Coordinated Universal Time),Tue Feb 17 2026 14:38:28 GMT+0000 (Coordinated Universal Time),Tue Feb 17 2026 15:08:22 GMT+0000 (Coordinated Universal Time),,,
Trial Expired - Upgrade,trial-expired-upgrade,67f116fcd84631b492031a93,6669acc77ba72bcf56a022dd,67ffe5600041a0b0aedcbaa7,false,false,Wed Apr 16 2025 17:14:08 GMT+0000 (Coordinated Universal Time),Tue Feb 17 2026 14:22:35 GMT+0000 (Coordinated Universal Time),Tue Feb 17 2026 15:08:22 GMT+0000 (Coordinated Universal Time),,,
Year in Review,year-in-review,67f116fcd84631b492031a93,6669acc77ba72bcf56a022dd,67ffe57d91dc9180b27f2105,false,false,Wed Apr 16 2025 17:14:37 GMT+0000 (Coordinated Universal Time),Tue Feb 17 2026 14:22:35 GMT+0000 (Coordinated Universal Time),Tue Feb 17 2026 15:08:22 GMT+0000 (Coordinated Universal Time),,,
Feature Upsell,feature-upsell,67f116fcd84631b492031a93,6669acc77ba72bcf56a022dd,67ffe5968baa6bc8a4bc2c22,false,false,Wed Apr 16 2025 17:15:02 GMT+0000 (Coordinated Universal Time),Tue Feb 17 2026 14:39:19 GMT+0000 (Coordinated Universal Time),Tue Feb 17 2026 15:08:22 GMT+0000 (Coordinated Universal Time),,,
Month in Review,month-in-review,67f116fcd84631b492031a93,6669acc77ba72bcf56a022dd,67ffe5a4ab2860680745294a,false,false,Wed Apr 16 2025 17:15:16 GMT+0000 (Coordinated Universal Time),Tue Feb 17 2026 14:22:35 GMT+0000 (Coordinated Universal Time),Tue Feb 17 2026 15:08:22 GMT+0000 (Coordinated Universal Time),,,
New Feature(s) Nudge,new-feature-nudge,67f116fcd84631b492031a93,6669acc77ba72bcf56a022dd,67ffe5b1998a7f919e496e80,false,false,Wed Apr 16 2025 17:15:29 GMT+0000 (Coordinated Universal Time),Tue Feb 17 2026 14:22:35 GMT+0000 (Coordinated Universal Time),Tue Feb 17 2026 15:08:22 GMT+0000 (Coordinated Universal Time),,,
Beta Testing,beta-testing,67f116fcd84631b492031a93,6669acc77ba72bcf56a022dd,67ffe5bd0041a0b0aedd05ad,false,false,Wed Apr 16 2025 17:15:41 GMT+0000 (Coordinated Universal Time),Tue Feb 17 2026 14:38:53 GMT+0000 (Coordinated Universal Time),Tue Feb 17 2026 15:08:22 GMT+0000 (Coordinated Universal Time),,,
Qualitative Feedback,qualitative-feedback,67f116fcd84631b492031a93,6669acc77ba72bcf56a022dd,67ffe5f324512aa5b41f88d7,false,false,Wed Apr 16 2025 17:16:35 GMT+0000 (Coordinated Universal Time),Tue Feb 17 2026 14:22:35 GMT+0000 (Coordinated Universal Time),Tue Feb 17 2026 15:08:22 GMT+0000 (Coordinated Universal Time),,,
Payment Declined,payment-declined,67f116fcd84631b492031a93,6669acc77ba72bcf56a022dd,67ffe612eb3fae9fe32c759e,false,false,Wed Apr 16 2025 17:17:06 GMT+0000 (Coordinated Universal Time),Tue Feb 17 2026 14:22:35 GMT+0000 (Coordinated Universal Time),Tue Feb 17 2026 15:08:22 GMT+0000 (Coordinated Universal Time),,,
Video Series,video-series,67f116fcd84631b492031a93,6669acc77ba72bcf56a022dd,680608d6ea4d83b808b9bbfd,false,false,Mon Apr 21 2025 08:59:02 GMT+0000 (Coordinated Universal Time),Tue Feb 17 2026 14:22:35 GMT+0000 (Coordinated Universal Time),Tue Feb 17 2026 15:08:22 GMT+0000 (Coordinated Universal Time),,,
Feature Update,feature-update,67f116fcd84631b492031a93,6669acc77ba72bcf56a022dd,68061258c87b043021bf62f2,false,false,Mon Apr 21 2025 09:39:36 GMT+0000 (Coordinated Universal Time),Tue Feb 17 2026 14:22:35 GMT+0000 (Coordinated Universal Time),Tue Feb 17 2026 15:08:22 GMT+0000 (Coordinated Universal Time),,,
Conference Invite,conference-invite,67f116fcd84631b492031a93,6669acc77ba72bcf56a022dd,6806222ab61c75c3d4fe9370,false,false,Mon Apr 21 2025 10:47:06 GMT+0000 (Coordinated Universal Time),Tue Feb 17 2026 14:22:36 GMT+0000 (Coordinated Universal Time),Tue Feb 17 2026 15:08:22 GMT+0000 (Coordinated Universal Time),,,
Download Web App,download-web-app,67f116fcd84631b492031a93,6669acc77ba72bcf56a022dd,6806235bb7073eb54372414e,false,false,Mon Apr 21 2025 10:52:11 GMT+0000 (Coordinated Universal Time),Tue Feb 17 2026 14:22:35 GMT+0000 (Coordinated Universal Time),Tue Feb 17 2026 15:08:22 GMT+0000 (Coordinated Universal Time),,,
Join Your Team,join-team,67f116fcd84631b492031a93,6669acc77ba72bcf56a022dd,68066f279e4516bc1e5f1b33,false,false,Mon Apr 21 2025 16:15:35 GMT+0000 (Coordinated Universal Time),Tue Feb 17 2026 14:22:36 GMT+0000 (Coordinated Universal Time),Tue Feb 17 2026 15:08:22 GMT+0000 (Coordinated Universal Time),,,
Usage Summary,usage-summary,67f116fcd84631b492031a93,6669acc77ba72bcf56a022dd,681dcabb84786decf17c1ae8,false,false,Fri May 09 2025 09:28:27 GMT+0000 (Coordinated Universal Time),Tue Feb 17 2026 14:45:14 GMT+0000 (Coordinated Universal Time),Tue Feb 17 2026 15:08:22 GMT+0000 (Coordinated Universal Time),,,
Trial Just Started,trial-just-started,67f116fcd84631b492031a93,6669acc77ba72bcf56a022dd,681dcb44c75385b02a665c2e,false,false,Fri May 09 2025 09:30:44 GMT+0000 (Coordinated Universal Time),Tue Feb 17 2026 14:45:10 GMT+0000 (Coordinated Universal Time),Tue Feb 17 2026 15:08:22 GMT+0000 (Coordinated Universal Time),,,
Special Offer,special-offer,67f116fcd84631b492031a93,6669acc77ba72bcf56a022dd,681dcbe885d9f70cfcb8ded3,false,false,Fri May 09 2025 09:33:28 GMT+0000 (Coordinated Universal Time),Tue Feb 17 2026 14:45:06 GMT+0000 (Coordinated Universal Time),Tue Feb 17 2026 15:08:22 GMT+0000 (Coordinated Universal Time),,,
Setup Prompt,setup-prompt,67f116fcd84631b492031a93,6669acc77ba72bcf56a022dd,681dcbf984786decf17ceef5,false,false,Fri May 09 2025 09:33:45 GMT+0000 (Coordinated Universal Time),Tue Feb 17 2026 14:45:02 GMT+0000 (Coordinated Universal Time),Tue Feb 17 2026 15:08:22 GMT+0000 (Coordinated Universal Time),,,
Refund Policy,refund-policy,67f116fcd84631b492031a93,6669acc77ba72bcf56a022dd,681dcc1084786decf17cfb50,false,false,Fri May 09 2025 09:34:08 GMT+0000 (Coordinated Universal Time),Tue Feb 17 2026 14:44:59 GMT+0000 (Coordinated Universal Time),Tue Feb 17 2026 15:08:22 GMT+0000 (Coordinated Universal Time),,,
Quota Reached,quota-reached,67f116fcd84631b492031a93,6669acc77ba72bcf56a022dd,681dcc262494e621202f0c8d,false,false,Fri May 09 2025 09:34:30 GMT+0000 (Coordinated Universal Time),Tue Feb 17 2026 14:44:54 GMT+0000 (Coordinated Universal Time),Tue Feb 17 2026 15:08:22 GMT+0000 (Coordinated Universal Time),,,
Inactivity Nudge,inactivity-nudge,67f116fcd84631b492031a93,6669acc77ba72bcf56a022dd,681dcc847db51016898d4975,false,false,Fri May 09 2025 09:36:04 GMT+0000 (Coordinated Universal Time),Tue Feb 17 2026 14:44:33 GMT+0000 (Coordinated Universal Time),Tue Feb 17 2026 15:08:22 GMT+0000 (Coordinated Universal Time),,,
Account Created Confirmation,account-created-confirmation,67f116fcd84631b492031a93,6669acc77ba72bcf56a022dd,681dcce7ba704342ad62e8d1,false,false,Fri May 09 2025 09:37:43 GMT+0000 (Coordinated Universal Time),Tue Feb 17 2026 14:44:25 GMT+0000 (Coordinated Universal Time),Tue Feb 17 2026 15:08:22 GMT+0000 (Coordinated Universal Time),,,
Upgrade CTA,upgrade-cta,67f116fcd84631b492031a93,6669acc77ba72bcf56a022dd,681dcd0b85d9f70cfcb99d4e,false,false,Fri May 09 2025 09:38:19 GMT+0000 (Coordinated Universal Time),Tue Feb 17 2026 14:44:22 GMT+0000 (Coordinated Universal Time),Tue Feb 17 2026 15:08:22 GMT+0000 (Coordinated Universal Time),,,
Usage Expansion,usage-expansion,67f116fcd84631b492031a93,6669acc77ba72bcf56a022dd,681dd3e25d7431af4516bb0f,false,false,Fri May 09 2025 10:07:30 GMT+0000 (Coordinated Universal Time),Tue Feb 17 2026 14:44:18 GMT+0000 (Coordinated Universal Time),Tue Feb 17 2026 15:08:22 GMT+0000 (Coordinated Universal Time),,,
Join Waitlist,join-waitlist,67f116fcd84631b492031a93,6669acc77ba72bcf56a022dd,681de9d5be20cb5ccebc8dda,false,false,Fri May 09 2025 11:41:09 GMT+0000 (Coordinated Universal Time),Tue Feb 17 2026 14:43:12 GMT+0000 (Coordinated Universal Time),Tue Feb 17 2026 15:08:22 GMT+0000 (Coordinated Universal Time),,,
Follow up,follow-up,67f116fcd84631b492031a93,6669acc77ba72bcf56a022dd,681df0483daa603667e4c85e,false,false,Fri May 09 2025 12:08:40 GMT+0000 (Coordinated Universal Time),Tue Feb 17 2026 14:42:56 GMT+0000 (Coordinated Universal Time),Tue Feb 17 2026 15:08:22 GMT+0000 (Coordinated Universal Time),,,
Interview,interview,67f116fcd84631b492031a93,6669acc77ba72bcf56a022dd,681e09d8692b901cf85f0e08,false,false,Fri May 09 2025 13:57:44 GMT+0000 (Coordinated Universal Time),Tue Feb 17 2026 14:42:39 GMT+0000 (Coordinated Universal Time),Tue Feb 17 2026 15:08:22 GMT+0000 (Coordinated Universal Time),,,
Complete Purchase,complete-purchase,67f116fcd84631b492031a93,6669acc77ba72bcf56a022dd,681e13c8639dd312537b76e9,false,false,Fri May 09 2025 14:40:08 GMT+0000 (Coordinated Universal Time),Tue Feb 17 2026 14:42:33 GMT+0000 (Coordinated Universal Time),Tue Feb 17 2026 15:08:22 GMT+0000 (Coordinated Universal Time),,,
Referral Prompt,referral-prompt,67f116fcd84631b492031a93,6669acc77ba72bcf56a022dd,68309dd8d9ec69c68095d629,false,false,Fri May 23 2025 16:10:00 GMT+0000 (Coordinated Universal Time),Tue Feb 17 2026 14:42:26 GMT+0000 (Coordinated Universal Time),Tue Feb 17 2026 15:08:22 GMT+0000 (Coordinated Universal Time),,,
Team Invite Accepted,team-invite-accepted,67f116fcd84631b492031a93,6669acc77ba72bcf56a022dd,68309dfa99915d509cd1c189,false,false,Fri May 23 2025 16:10:34 GMT+0000 (Coordinated Universal Time),Tue Feb 17 2026 14:42:21 GMT+0000 (Coordinated Universal Time),Tue Feb 17 2026 15:08:22 GMT+0000 (Coordinated Universal Time),,,
Guide,guide,67f116fcd84631b492031a93,6669acc77ba72bcf56a022dd,68309e0c4be661b14046cf3f,false,false,Fri May 23 2025 16:10:52 GMT+0000 (Coordinated Universal Time),Tue Feb 17 2026 14:42:17 GMT+0000 (Coordinated Universal Time),Tue Feb 17 2026 15:08:22 GMT+0000 (Coordinated Universal Time),,,
Billing Reminder,billing-reminder,67f116fcd84631b492031a93,6669acc77ba72bcf56a022dd,68309ebcf19ac52b462f1428,false,false,Fri May 23 2025 16:13:47 GMT+0000 (Coordinated Universal Time),Tue Feb 17 2026 14:42:13 GMT+0000 (Coordinated Universal Time),Tue Feb 17 2026 15:08:22 GMT+0000 (Coordinated Universal Time),,,
Download Chrome Extension,download-chrome-extension,67f116fcd84631b492031a93,6669acc77ba72bcf56a022dd,686fc6f2ce8b7da3f1c30055,false,false,Thu Jul 10 2025 13:58:10 GMT+0000 (Coordinated Universal Time),Tue Feb 17 2026 14:42:10 GMT+0000 (Coordinated Universal Time),Tue Feb 17 2026 15:08:22 GMT+0000 (Coordinated Universal Time),,,
Email Verification,email-verification,67f116fcd84631b492031a93,6669acc77ba72bcf56a022dd,686fc744ce8b7da3f1c35be0,false,false,Thu Jul 10 2025 13:59:32 GMT+0000 (Coordinated Universal Time),Tue Feb 17 2026 14:42:06 GMT+0000 (Coordinated Universal Time),Tue Feb 17 2026 15:08:22 GMT+0000 (Coordinated Universal Time),,,
Case Study,case-study,67f116fcd84631b492031a93,6669acc77ba72bcf56a022dd,687a53a096381205ff54ff30,false,false,Fri Jul 18 2025 14:01:04 GMT+0000 (Coordinated Universal Time),Tue Feb 17 2026 14:42:01 GMT+0000 (Coordinated Universal Time),Tue Feb 17 2026 15:08:22 GMT+0000 (Coordinated Universal Time),,,
Join Community,join-community,67f116fcd84631b492031a93,6669acc77ba72bcf56a022dd,68939655c5c3cddab39727c6,false,false,Wed Aug 06 2025 17:52:21 GMT+0000 (Coordinated Universal Time),Tue Feb 17 2026 14:41:51 GMT+0000 (Coordinated Universal Time),Tue Feb 17 2026 15:08:22 GMT+0000 (Coordinated Universal Time),,,
Webinar Confirmation,webinar-confirmation,67f116fcd84631b492031a93,6669acc77ba72bcf56a022dd,6896004b25161ccf6d40ff45,false,false,Fri Aug 08 2025 13:48:59 GMT+0000 (Coordinated Universal Time),Tue Feb 17 2026 14:41:47 GMT+0000 (Coordinated Universal Time),Tue Feb 17 2026 15:08:22 GMT+0000 (Coordinated Universal Time),,,
Affiliate Partnership,affiliate-partnership,67f116fcd84631b492031a93,6669acc77ba72bcf56a022dd,68960106a1ae8f004f930150,false,false,Fri Aug 08 2025 13:52:06 GMT+0000 (Coordinated Universal Time),Tue Feb 17 2026 14:41:43 GMT+0000 (Coordinated Universal Time),Tue Feb 17 2026 15:08:22 GMT+0000 (Coordinated Universal Time),,,
Customer Success,customer-success,67f116fcd84631b492031a93,6669acc77ba72bcf56a022dd,68960789344087df5a644111,false,false,Fri Aug 08 2025 14:19:53 GMT+0000 (Coordinated Universal Time),Tue Feb 17 2026 14:41:37 GMT+0000 (Coordinated Universal Time),Tue Feb 17 2026 15:08:22 GMT+0000 (Coordinated Universal Time),,,
Password Reset,password-reset,67f116fcd84631b492031a93,6669acc77ba72bcf56a022dd,689634f86e308ea035b5389f,false,false,Fri Aug 08 2025 17:33:44 GMT+0000 (Coordinated Universal Time),Tue Feb 17 2026 14:41:33 GMT+0000 (Coordinated Universal Time),Tue Feb 17 2026 15:08:22 GMT+0000 (Coordinated Universal Time),,,
Onboarding Checklist,onboarding-checklist,67f116fcd84631b492031a93,6669acc77ba72bcf56a022dd,689f0b77a60025f07b788633,false,false,Fri Aug 15 2025 10:27:03 GMT+0000 (Coordinated Universal Time),Tue Feb 17 2026 14:41:29 GMT+0000 (Coordinated Universal Time),Tue Feb 17 2026 15:08:22 GMT+0000 (Coordinated Universal Time),,,
Partner Program,partner-program,67f116fcd84631b492031a93,6669acc77ba72bcf56a022dd,689f3ca05ec54017903b7d1f,false,false,Fri Aug 15 2025 13:56:48 GMT+0000 (Coordinated Universal Time),Tue Feb 17 2026 14:41:24 GMT+0000 (Coordinated Universal Time),Tue Feb 17 2026 15:08:22 GMT+0000 (Coordinated Universal Time),,,
IRL Event,irl-event,67f116fcd84631b492031a93,6669acc77ba72bcf56a022dd,689f3da4e3e5c9c796f87821,false,false,Fri Aug 15 2025 14:01:08 GMT+0000 (Coordinated Universal Time),Tue Feb 17 2026 14:41:20 GMT+0000 (Coordinated Universal Time),Tue Feb 17 2026 15:08:22 GMT+0000 (Coordinated Universal Time),,,
Payment Reminder,payment-reminder,67f116fcd84631b492031a93,6669acc77ba72bcf56a022dd,689f3fe57c318f0b396c357a,false,false,Fri Aug 15 2025 14:10:45 GMT+0000 (Coordinated Universal Time),Tue Feb 17 2026 14:41:17 GMT+0000 (Coordinated Universal Time),Tue Feb 17 2026 15:08:22 GMT+0000 (Coordinated Universal Time),,,
Social Media Share,social-media-share,67f116fcd84631b492031a93,6669acc77ba72bcf56a022dd,68a6f51b129663b439de587e,false,false,Thu Aug 21 2025 10:29:47 GMT+0000 (Coordinated Universal Time),Tue Feb 17 2026 14:41:13 GMT+0000 (Coordinated Universal Time),Tue Feb 17 2026 15:08:22 GMT+0000 (Coordinated Universal Time),,,
eBook,ebook,67f116fcd84631b492031a93,6669acc77ba72bcf56a022dd,68bee4cb5b4de5f66fdab12c,false,false,Mon Sep 08 2025 14:14:35 GMT+0000 (Coordinated Universal Time),Tue Feb 17 2026 14:41:01 GMT+0000 (Coordinated Universal Time),Tue Feb 17 2026 15:08:22 GMT+0000 (Coordinated Universal Time),,,
